describe,e,e_abs,e_regen
"""count""",9776.0,9776.0,9776.0
"""null_count""",0.0,0.0,0.0
"""mean""",6.3186e6,1.8002e7,1.1684e7
"""std""",3.3057e6,9.6363e6,7.1102e6
"""min""",-1.9022e6,0.0,0.0
"""25%""",5.9182e6,1.2422e7,5.7249e6
"""50%""",7.5995e6,1.8289e7,1.0260e7
"""75%""",8.1365e6,2.6147e7,1.6971e7
"""max""",1.1334e7,3.5225e7,2.3908e7
